E-Liquid,,,,,,
Cherry Tunes,E-Liquids > Simply Vapours,9.99,3mg|6mg,30ml,PLACEHOLDER,70/30
Strawberry Kiwi,E-Liquids > Simply Vapours,9.99,3mg|6mg,30ml,PLACEHOLDER,70/30
Tobacco,E-Liquids > Simply Vapours,9.99,3mg|6mg,30ml,PLACEHOLDER,70/30
Vibena,E-Liquids > Simply Vapours,9.99,3mg|6mg,30ml,PLACEHOLDER,70/30
Rainbow Candy,E-Liquids > Simply Vapours,9.99,3mg|6mg,30ml,PLACEHOLDER,70/30
Pinkman,E-Liquids > Simply Vapours,9.99,3mg|6mg,30ml,PLACEHOLDER,70/30
Heisenberg,E-Liquids > Simply Vapours,9.99,3mg|6mg,30ml,PLACEHOLDER,70/30
Mixed Berries,E-Liquids > Simply Vapours,9.99,3mg|6mg,30ml,PLACEHOLDER,70/30
Blackcurrant Tunes,E-Liquids > Simply Vapours,9.99,3mg|6mg,30ml,PLACEHOLDER,70/30
Blueberry Bubblegum,E-Liquids > Simply Vapours,9.99,3mg|6mg,30ml,PLACEHOLDER,70/30
Bubblegum Blast,E-Liquids > Simply Vapours,9.99,3mg|6mg,30ml,PLACEHOLDER,70/30
Pink Lemonade,E-Liquids > Simply Vapours,9.99,3mg|6mg,30ml,PLACEHOLDER,70/30
Strawberry Yoghurt,E-Liquids > Simply Vapours,9.99,3mg|6mg,30ml,PLACEHOLDER,70/30
Apple and Berry,E-Liquids > Simply Vapours,9.99,3mg|6mg,30ml,PLACEHOLDER,70/30
Watermelon Chill,E-Liquids > Simply Vapours,9.99,3mg|6mg,30ml,PLACEHOLDER,70/30
Red Astaire,E-Liquids > Simply Vapours,9.99,3mg|6mg,30ml,PLACEHOLDER,70/30
Menthol,E-Liquids > Simply Vapours,9.99,3mg|6mg,30ml,PLACEHOLDER,70/30
Pineapple Cubes,E-Liquids > Simply Vapours,9.99,3mg|6mg,30ml,PLACEHOLDER,70/30
Vimto,E-Liquids > Simply Vapours,9.99,3mg|6mg,30ml,PLACEHOLDER,70/30
Blackjack,E-Liquids > Simply Vapours,9.99,3mg|6mg,30ml,PLACEHOLDER,70/30
Blueberry Ice,E-Liquids > Simply Vapours,9.99,3mg|6mg,30ml,PLACEHOLDER,70/30
Berry Sorbet,E-Liquids > Simply Vapours,9.99,3mg|6mg,30ml,PLACEHOLDER,70/30
Raspberry and Grape,E-Liquids > Simply Vapours,9.99,3mg|6mg,30ml,PLACEHOLDER,70/30
Fruit Bonbons,E-Liquids > Simply Vapours,9.99,3mg|6mg,30ml,PLACEHOLDER,70/30
Rhubarb and Custard,E-Liquids > Simply Vapours,9.99,3mg|6mg,30ml,PLACEHOLDER,70/30